<?xml version="1.0" encoding="UTF-8"?>
<beans xmlns="http://www.springframework.org/schema/beans"
	xmlns:xsi="http://www.w3.org/2001/XMLSchema-instance"
	xmlns:ctx="http://www.springframework.org/schema/context"
	xmlns:task="http://www.springframework.org/schema/task"
	
	xsi:schemaLocation="http://www.springframework.org/schema/beans 
	http://www.springframework.org/schema/beans/spring-beans-2.5.xsd
	http://www.springframework.org/schema/context
	http://www.springframework.org/schema/context/spring-context-2.5.xsd 
	http://www.springframework.org/schema/task
    http://www.springframework.org/schema/task/spring-task-3.0.xsd
	">
	
	<ctx:annotation-config></ctx:annotation-config>
	<task:annotation-driven></task:annotation-driven>
	<ctx:component-scan base-package="com.cts.*"></ctx:component-scan>
	
	<bean class="org.springframework.web.servlet.view.InternalResourceViewResolver">
		<property name="prefix" value="/WEB-INF/jsp/"/>
		<property name="suffix" value=".jsp"/>
	</bean>
	<bean id="messageSource" 
	class="org.springframework.context.support.ReloadableResourceBundleMessageSource">   
    <property name="basenames">   
        <list>   
            <value>WEB-INF/resources/error</value>
            
        </list>   
    </property>   
</bean>
<!-- 
<bean id="drivermanagerdatasource" 
      class="org.springframework.jdbc.datasource.DriverManagerDataSource">
      <property name="driverClassName" value="com.mysql.jdbc.Driver"/>
      <property name="url" value="jdbc:mysql://localhost:3306/BookManagement"/>
      <property name="username" value="root"/>
      <property name="password" value="508417"/>
      </bean> -->


	<bean class="org.springframework.web.servlet.view.InternalResourceViewResolver">    
<property name="prefix" value="/WEB-INF/jsp/"></property>    
<property name="suffix" value=".jsp"></property>    
</bean>    
    
<bean id="ds" class="org.springframework.jdbc.datasource.DriverManagerDataSource">    
<property name="driverClassName" value="com.mysql.jdbc.Driver"></property>    
<property name="url" value="jdbc:mysql://localhost:3306/BookManagement"></property>    
<property name="username" value="root"></property>    
<property name="password" value="508417"></property>    
</bean>    
    

	
	</beans>